root_diff,prog_weight_sum
-5.0,4.75
-4.0,4.0
-2.0,2.375
-1.0,14.28125
1.0,2.875
2.0,3.625
3.0,0.75
5.0,5.21875
6.0,3.125
